update,frames,FPS,duration,rreturn_mean,rreturn_std,rreturn_min,rreturn_max,num_frames_mean,num_frames_std,num_frames_min,num_frames_max,entropy,value,policy_loss,value_loss,grad_norm,exploratory_reward,return_mean,return_std,return_min,return_max
1,768,277.25271619356687,2,0.0,0.0,0.0,0.0,100.0,0.0,100.0,100.0,1.943164488921563,0.06436908609005816,0.023048256138887762,0.0032477436051534525,0.08584036303550151,0.05290064101480794,0.0,0.0,0.0,0.0
update,frames,FPS,duration,rreturn_mean,rreturn_std,rreturn_min,rreturn_max,num_frames_mean,num_frames_std,num_frames_min,num_frames_max,entropy,value,policy_loss,value_loss,grad_norm,exploratory_reward,return_mean,return_std,return_min,return_max
2,1536,293.8908619933657,5,0.07600000074931554,0.18616122228696222,0.0,0.5320000052452087,93.14285714285714,16.796501093370363,52.0,100.0,1.9424271651854117,0.056021566223838214,0.013536119028685789,0.003213749705155126,0.0377689249552646,0.11362628361597589,0.07600000074931554,0.18616122228696222,0.0,0.5320000052452087
update,frames,FPS,duration,rreturn_mean,rreturn_std,rreturn_min,rreturn_max,num_frames_mean,num_frames_std,num_frames_min,num_frames_max,entropy,value,policy_loss,value_loss,grad_norm,exploratory_reward,return_mean,return_std,return_min,return_max
3,2304,300.31709363373255,7,0.0,0.0,0.0,0.0,100.0,0.0,100.0,100.0,1.943216776009649,0.06059963533334667,0.014189215386011256,0.0006234496309276416,0.024998367930204584,0.06864960679698683,0.0,0.0,0.0,0.0
update,frames,FPS,duration,rreturn_mean,rreturn_std,rreturn_min,rreturn_max,num_frames_mean,num_frames_std,num_frames_min,num_frames_max,entropy,value,policy_loss,value_loss,grad_norm,exploratory_reward,return_mean,return_std,return_min,return_max
4,3072,308.81482100012374,10,0.02872727404941212,0.09084361696399078,0.0,0.3160000145435333,97.81818181818181,6.899514894912827,76.0,100.0,1.9444965105503798,0.029095137841068208,0.008345673098347106,0.0012099800308354631,0.022487903445967294,0.07915600273628275,0.02872727404941212,0.09084361696399078,0.0,0.3160000145435333
update,frames,FPS,duration,rreturn_mean,rreturn_std,rreturn_min,rreturn_max,num_frames_mean,num_frames_std,num_frames_min,num_frames_max,entropy,value,policy_loss,value_loss,grad_norm,exploratory_reward,return_mean,return_std,return_min,return_max
5,3840,308.3343293274053,12,0.0,0.0,0.0,0.0,100.0,0.0,100.0,100.0,1.9447663809793692,0.027248915840270154,0.0066444624421440794,0.00015806136882629226,0.010538489015362336,0.04070516456450495,0.0,0.0,0.0,0.0
update,frames,FPS,duration,rreturn_mean,rreturn_std,rreturn_min,rreturn_max,num_frames_mean,num_frames_std,num_frames_min,num_frames_max,entropy,value,policy_loss,value_loss,grad_norm,exploratory_reward,return_mean,return_std,return_min,return_max
6,4608,307.0211588632263,15,0.0,0.0,0.0,0.0,100.0,0.0,100.0,100.0,1.9448258597403765,0.01142489986561183,0.005491616414853222,8.93079061749467e-05,0.008040355267677072,0.058924448698415226,0.0,0.0,0.0,0.0
update,frames,FPS,duration,rreturn_mean,rreturn_std,rreturn_min,rreturn_max,num_frames_mean,num_frames_std,num_frames_min,num_frames_max,entropy,value,policy_loss,value_loss,grad_norm,exploratory_reward,return_mean,return_std,return_min,return_max
7,5376,305.36476989422187,17,0.11071428230830602,0.2711934988937967,0.0,0.7749999761581421,89.28571428571429,26.244532958391193,25.0,100.0,1.9448275997613866,0.02034633874609426,-0.011636345415657464,0.006320697521482195,0.03264371746087801,0.015196288838393121,0.11071428230830602,0.2711934988937967,0.0,0.7749999761581421
update,frames,FPS,duration,rreturn_mean,rreturn_std,rreturn_min,rreturn_max,num_frames_mean,num_frames_std,num_frames_min,num_frames_max,entropy,value,policy_loss,value_loss,grad_norm,exploratory_reward,return_mean,return_std,return_min,return_max
8,6144,299.62229137990914,20,0.0,0.0,0.0,0.0,100.0,0.0,100.0,100.0,1.9442813193115096,0.01894425835295503,0.007514708454777974,9.53838160948813e-05,0.006920976925133222,0.02428820424696115,0.0,0.0,0.0,0.0
update,frames,FPS,duration,rreturn_mean,rreturn_std,rreturn_min,rreturn_max,num_frames_mean,num_frames_std,num_frames_min,num_frames_max,entropy,value,policy_loss,value_loss,grad_norm,exploratory_reward,return_mean,return_std,return_min,return_max
9,6912,295.35461730460696,23,0.10942856754575457,0.26804415377078206,0.0,0.765999972820282,89.42857142857143,25.894605852279312,26.0,100.0,1.943962806990991,0.011101693907827817,0.0006494140334704449,0.0014214466453593838,0.005096479316888302,0.023790841075303364,0.10942856754575457,0.26804415377078206,0.0,0.765999972820282
update,frames,FPS,duration,rreturn_mean,rreturn_std,rreturn_min,rreturn_max,num_frames_mean,num_frames_std,num_frames_min,num_frames_max,entropy,value,policy_loss,value_loss,grad_norm,exploratory_reward,return_mean,return_std,return_min,return_max
10,7680,297.7563693310777,25,0.0,0.0,0.0,0.0,100.0,0.0,100.0,100.0,1.9438988561742008,0.007067195906756751,0.002983344663292087,3.1556420555925446e-05,0.0029695552858578678,0.015281304751826418,0.0,0.0,0.0,0.0
11,8448,284.52355594749514,28,0.08681818030097267,0.2745431920622364,0.0,0.9549999833106995,91.36363636363636,27.310579792363274,5.0,100.0,1.9441631593120594,0.008643770319849864,-0.002914324374015583,0.0045065408479265144,0.013763108023806892,0.059969807661533224,0.08681818030097267,0.2745431920622364,0.0,0.9549999833106995
12,9216,263.2578325777766,31,0.0,0.0,0.0,0.0,100.0,0.0,100.0,100.0,1.9442862548554938,0.004170602266109806,0.0015936057341055705,4.5287379112477856e-05,0.0024041840790402762,0.04409668711415576,0.0,0.0,0.0,0.0
13,9984,256.2156559636045,34,0.12387499958276749,0.3277424425542327,0.0,0.9909999966621399,87.625,32.74117247442431,1.0,100.0,1.943797216905902,0.00386959803188347,0.0004447515329388807,0.0012632888298293639,0.003804657822373283,0.036448606964979695,0.12387499958276749,0.3277424425542327,0.0,0.9909999966621399
14,10752,277.77468057069774,37,0.0,0.0,0.0,0.0,100.0,0.0,100.0,100.0,1.9429234618631501,0.0020216410431999066,0.0013084449954874344,2.704107060360456e-05,0.002038346534617124,0.005609021245236541,0.0,0.0,0.0,0.0
15,11520,235.13143898251639,40,0.0,0.0,0.0,0.0,100.0,0.0,100.0,100.0,1.9428910075997312,0.0007166090168766459,0.0004087495945933976,2.87052563195843e-05,0.0012756617827270173,0.03841711631897347,0.0,0.0,0.0,0.0
16,12288,212.899418510008,43,0.0,0.0,0.0,0.0,100.0,0.0,100.0,100.0,1.943486615549773,0.0010278431817596356,0.00029464636394986127,2.843218225854922e-05,0.001312852422247099,0.030250332212629506,0.0,0.0,0.0,0.0
17,13056,262.5566592415309,46,0.0,0.0,0.0,0.0,100.0,0.0,100.0,100.0,1.9442037066134314,0.0005006514386044122,0.0004129524973481106,1.524261854575724e-05,0.0008286606498287518,0.007865553262341049,0.0,0.0,0.0,0.0
18,13824,253.76040707221165,49,0.0,0.0,0.0,0.0,100.0,0.0,100.0,100.0,1.9448457558949788,0.0001337713725509578,0.0006258518120034751,1.6710018743682175e-05,0.0010185868967058128,0.034402892642537715,0.0,0.0,0.0,0.0
19,14592,257.66884903278157,52,0.10511110888587104,0.297299111484948,0.0,0.9459999799728394,89.55555555555556,29.541349969571318,6.0,100.0,1.945079549991836,0.002817891865618094,-0.003247123764566595,0.0029897090049655164,0.007956194828715138,0.029555218645905133,0.10511110888587104,0.297299111484948,0.0,0.9459999799728394
20,15360,252.8645818508376,55,0.0,0.0,0.0,0.0,100.0,0.0,100.0,100.0,1.9441213143679004,0.004073040903676883,0.0023277759386388652,2.509787370546616e-05,0.002474993667670735,0.011305496666656359,0.0,0.0,0.0,0.0
21,16128,252.8465000283363,58,0.016666666915019352,0.037267800180329984,0.0,0.10000000149011612,100.0,0.0,100.0,100.0,1.9425679515115917,0.005931276303679549,-0.0009646040113201101,0.0001089193120930911,0.005843960597188135,0.0321480619606561,0.016666666915019352,0.037267800180329984,0.0,0.10000000149011612
update,frames,FPS,duration,rreturn_mean,rreturn_std,rreturn_min,rreturn_max,num_frames_mean,num_frames_std,num_frames_min,num_frames_max,entropy,value,policy_loss,value_loss,grad_norm,exploratory_reward,return_mean,return_std,return_min,return_max
1,768,299.6793787200297,2,0.0,0.0,0.0,0.0,100.0,0.0,100.0,100.0,1.943164488921563,0.06436908609005816,0.023048256138887762,0.0032477436051534525,0.08584036303550151,0.05290064101480794,0.0,0.0,0.0,0.0
update,frames,FPS,duration,rreturn_mean,rreturn_std,rreturn_min,rreturn_max,num_frames_mean,num_frames_std,num_frames_min,num_frames_max,entropy,value,policy_loss,value_loss,grad_norm,exploratory_reward,return_mean,return_std,return_min,return_max
2,1536,313.1580230019418,5,0.07600000074931554,0.18616122228696222,0.0,0.5320000052452087,93.14285714285714,16.796501093370363,52.0,100.0,1.9424271651854117,0.056021566223838214,0.013536119028685789,0.003213749705155126,0.0377689249552646,0.11362628361597589,0.07600000074931554,0.18616122228696222,0.0,0.5320000052452087
update,frames,FPS,duration,rreturn_mean,rreturn_std,rreturn_min,rreturn_max,num_frames_mean,num_frames_std,num_frames_min,num_frames_max,entropy,value,policy_loss,value_loss,grad_norm,exploratory_reward,return_mean,return_std,return_min,return_max
3,2304,308.51192653696853,7,0.0,0.0,0.0,0.0,100.0,0.0,100.0,100.0,1.943216776009649,0.06059963533334667,0.014189215386011256,0.0006234496309276416,0.024998367930204584,0.06864960679698683,0.0,0.0,0.0,0.0
update,frames,FPS,duration,rreturn_mean,rreturn_std,rreturn_min,rreturn_max,num_frames_mean,num_frames_std,num_frames_min,num_frames_max,entropy,value,policy_loss,value_loss,grad_norm,exploratory_reward,return_mean,return_std,return_min,return_max
4,3072,305.3946470274647,10,0.02872727404941212,0.09084361696399078,0.0,0.3160000145435333,97.81818181818181,6.899514894912827,76.0,100.0,1.9444965105503798,0.029095137841068208,0.008345673098347106,0.0012099800308354631,0.022487903445967294,0.07915600273628275,0.02872727404941212,0.09084361696399078,0.0,0.3160000145435333
update,frames,FPS,duration,rreturn_mean,rreturn_std,rreturn_min,rreturn_max,num_frames_mean,num_frames_std,num_frames_min,num_frames_max,entropy,value,policy_loss,value_loss,grad_norm,exploratory_reward,return_mean,return_std,return_min,return_max
5,3840,302.6079647680387,12,0.0,0.0,0.0,0.0,100.0,0.0,100.0,100.0,1.9447663809793692,0.027248915840270154,0.0066444624421440794,0.00015806136882629226,0.010538489015362336,0.04070516456450495,0.0,0.0,0.0,0.0
update,frames,FPS,duration,rreturn_mean,rreturn_std,rreturn_min,rreturn_max,num_frames_mean,num_frames_std,num_frames_min,num_frames_max,entropy,value,policy_loss,value_loss,grad_norm,exploratory_reward,return_mean,return_std,return_min,return_max
6,4608,303.8247616920487,15,0.0,0.0,0.0,0.0,100.0,0.0,100.0,100.0,1.9448258597403765,0.01142489986561183,0.005491616414853222,8.93079061749467e-05,0.008040355267677072,0.058924448698415226,0.0,0.0,0.0,0.0
update,frames,FPS,duration,rreturn_mean,rreturn_std,rreturn_min,rreturn_max,num_frames_mean,num_frames_std,num_frames_min,num_frames_max,entropy,value,policy_loss,value_loss,grad_norm,exploratory_reward,return_mean,return_std,return_min,return_max
7,5376,298.2634681159596,17,0.11071428230830602,0.2711934988937967,0.0,0.7749999761581421,89.28571428571429,26.244532958391193,25.0,100.0,1.9448275997613866,0.02034633874609426,-0.011636345415657464,0.006320697521482195,0.03264371746087801,0.015196288838393121,0.11071428230830602,0.2711934988937967,0.0,0.7749999761581421
update,frames,FPS,duration,rreturn_mean,rreturn_std,rreturn_min,rreturn_max,num_frames_mean,num_frames_std,num_frames_min,num_frames_max,entropy,value,policy_loss,value_loss,grad_norm,exploratory_reward,return_mean,return_std,return_min,return_max
8,6144,292.9217092626801,20,0.0,0.0,0.0,0.0,100.0,0.0,100.0,100.0,1.9442813193115096,0.01894425835295503,0.007514708454777974,9.53838160948813e-05,0.006920976925133222,0.02428820424696115,0.0,0.0,0.0,0.0
update,frames,FPS,duration,rreturn_mean,rreturn_std,rreturn_min,rreturn_max,num_frames_mean,num_frames_std,num_frames_min,num_frames_max,entropy,value,policy_loss,value_loss,grad_norm,exploratory_reward,return_mean,return_std,return_min,return_max
9,6912,290.6793020142368,22,0.10942856754575457,0.26804415377078206,0.0,0.765999972820282,89.42857142857143,25.894605852279312,26.0,100.0,1.943962806990991,0.011101693907827817,0.0006494140334704449,0.0014214466453593838,0.005096479316888302,0.023790841075303364,0.10942856754575457,0.26804415377078206,0.0,0.765999972820282
update,frames,FPS,duration,rreturn_mean,rreturn_std,rreturn_min,rreturn_max,num_frames_mean,num_frames_std,num_frames_min,num_frames_max,entropy,value,policy_loss,value_loss,grad_norm,exploratory_reward,return_mean,return_std,return_min,return_max
10,7680,290.5395342871731,25,0.0,0.0,0.0,0.0,100.0,0.0,100.0,100.0,1.9438988561742008,0.007067195906756751,0.002983344663292087,3.1556420555925446e-05,0.0029695552858578678,0.015281304751826418,0.0,0.0,0.0,0.0
11,8448,288.45221269716984,28,0.08681818030097267,0.2745431920622364,0.0,0.9549999833106995,91.36363636363636,27.310579792363274,5.0,100.0,1.9441631593120594,0.008643770319849864,-0.002914324374015583,0.0045065408479265144,0.013763108023806892,0.059969807661533224,0.08681818030097267,0.2745431920622364,0.0,0.9549999833106995
12,9216,285.73223290807067,30,0.0,0.0,0.0,0.0,100.0,0.0,100.0,100.0,1.9442862548554938,0.004170602266109806,0.0015936057341055705,4.5287379112477856e-05,0.0024041840790402762,0.04409668711415576,0.0,0.0,0.0,0.0
13,9984,283.51889761908325,33,0.12387499958276749,0.3277424425542327,0.0,0.9909999966621399,87.625,32.74117247442431,1.0,100.0,1.943797216905902,0.00386959803188347,0.0004447515329388807,0.0012632888298293639,0.003804657822373283,0.036448606964979695,0.12387499958276749,0.3277424425542327,0.0,0.9909999966621399
14,10752,275.77301762315363,36,0.0,0.0,0.0,0.0,100.0,0.0,100.0,100.0,1.9429234618631501,0.0020216410431999066,0.0013084449954874344,2.704107060360456e-05,0.002038346534617124,0.005609021245236541,0.0,0.0,0.0,0.0
15,11520,279.5399717216643,39,0.0,0.0,0.0,0.0,100.0,0.0,100.0,100.0,1.9428910075997312,0.0007166090168766459,0.0004087495945933976,2.87052563195843e-05,0.0012756617827270173,0.03841711631897347,0.0,0.0,0.0,0.0
16,12288,268.4168904984072,42,0.0,0.0,0.0,0.0,100.0,0.0,100.0,100.0,1.943486615549773,0.0010278431817596356,0.00029464636394986127,2.843218225854922e-05,0.001312852422247099,0.030250332212629506,0.0,0.0,0.0,0.0
17,13056,267.8155745347747,44,0.0,0.0,0.0,0.0,100.0,0.0,100.0,100.0,1.9442037066134314,0.0005006514386044122,0.0004129524973481106,1.524261854575724e-05,0.0008286606498287518,0.007865553262341049,0.0,0.0,0.0,0.0
18,13824,266.3169270384861,47,0.0,0.0,0.0,0.0,100.0,0.0,100.0,100.0,1.9448457558949788,0.0001337713725509578,0.0006258518120034751,1.6710018743682175e-05,0.0010185868967058128,0.034402892642537715,0.0,0.0,0.0,0.0
19,14592,262.08965393569105,50,0.10511110888587104,0.297299111484948,0.0,0.9459999799728394,89.55555555555556,29.541349969571318,6.0,100.0,1.945079549991836,0.002817891865618094,-0.003247123764566595,0.0029897090049655164,0.007956194828715138,0.029555218645905133,0.10511110888587104,0.297299111484948,0.0,0.9459999799728394
20,15360,252.03639304127796,53,0.0,0.0,0.0,0.0,100.0,0.0,100.0,100.0,1.9441213143679004,0.004073040903676883,0.0023277759386388652,2.509787370546616e-05,0.002474993667670735,0.011305496666656359,0.0,0.0,0.0,0.0
21,16128,253.84375540788835,56,0.016666666915019352,0.037267800180329984,0.0,0.10000000149011612,100.0,0.0,100.0,100.0,1.9425679515115917,0.005931276303679549,-0.0009646040113201101,0.0001089193120930911,0.005843960597188135,0.0321480619606561,0.016666666915019352,0.037267800180329984,0.0,0.10000000149011612
22,16896,245.52626001949133,59,0.0,0.0,0.0,0.0,100.0,0.0,100.0,100.0,1.942287796953072,0.001381284897756056,0.0018020023509244254,2.0171069536519443e-05,0.002893565146999824,0.0017363947581971746,0.0,0.0,0.0,0.0
23,17664,249.00399360225893,63,0.028428571564810618,0.06963549444998113,0.0,0.19900000095367432,98.42857142857143,3.8491981672307083,89.0,100.0,1.943324191806217,0.007157876010145022,-0.003692446327259328,0.0004892556643367832,0.015396950225515292,0.03852374878708665,0.028428571564810618,0.06963549444998113,0.0,0.19900000095367432
24,18432,245.5650610000835,66,0.0676250010728836,0.17891893524932614,0.0,0.5410000085830688,93.875,16.205226780270618,51.0,100.0,1.9440147524389129,0.006577885035862134,-0.006199994401069849,0.0025163419644339455,0.01711235457638564,0.013824222699610582,0.0676250010728836,0.17891893524932614,0.0,0.5410000085830688
25,19200,241.17178914331234,69,0.0,0.0,0.0,0.0,100.0,0.0,100.0,100.0,1.9425294818356633,0.005890335727902614,0.0020164409509604297,0.00011981600052223447,0.005339455742091052,0.021839689809134255,0.0,0.0,0.0,0.0
26,19968,236.98194796267174,72,0.0923750028014183,0.2444012847714477,0.0,0.7390000224113464,91.125,23.48104288569824,29.0,100.0,1.9406440644524992,0.01946506953527205,-0.01174700509629171,0.005779850107394902,0.039022570578359686,0.006978854079403975,0.0923750028014183,0.2444012847714477,0.0,0.7390000224113464
27,20736,236.534692239312,75,0.0,0.0,0.0,0.0,100.0,0.0,100.0,100.0,1.9396355709371467,-0.00487851521900969,0.000972111239576634,0.0002672366364914562,0.01721555774974796,0.04582606277524296,0.0,0.0,0.0,0.0
28,21504,234.1430587366464,79,0.04737500101327896,0.12534247104256913,0.0,0.3790000081062317,96.125,10.252286330375288,69.0,100.0,1.9388398882001638,0.021808889631605172,0.0010436434913572157,0.0010428792135569094,0.013788311275114816,0.038025520764289056,0.04737500101327896,0.12534247104256913,0.0,0.3790000081062317
29,22272,229.36931286162658,82,0.10814286129815238,0.26489482950504817,0.0,0.7570000290870667,89.57142857142857,25.544678746167428,27.0,100.0,1.9433139286314447,0.016023302780846887,-0.010599224579304215,0.005380811390735642,0.02483748488516074,0.00687687583814441,0.10814286129815238,0.26489482950504817,0.0,0.7570000290870667
30,23040,227.4987442538694,85,0.0,0.0,0.0,0.0,100.0,0.0,100.0,100.0,1.9434013829256098,0.02586566247373412,0.010293927100671377,0.0003155575511248898,0.014969840592047508,0.014015921798912485,0.0,0.0,0.0,0.0
31,23808,224.76291628205777,89,0.0,0.0,0.0,0.0,100.0,0.0,100.0,100.0,1.9432735334460933,0.0136943576643489,0.002524844627707523,0.00020159624245241758,0.00589509797536628,0.024180446208119825,0.0,0.0,0.0,0.0
32,24576,220.4074887046503,92,0.0,0.0,0.0,0.0,100.0,0.0,100.0,100.0,1.9426747468921046,0.010640179984297523,0.004693634929661054,0.00019107079973670893,0.005865529382750402,0.012981226129616595,0.0,0.0,0.0,0.0
33,25344,213.31123015942126,96,0.0,0.0,0.0,0.0,100.0,0.0,100.0,100.0,1.9433055066814025,0.008022495457415365,0.0027199738755522653,4.969146298089191e-05,0.0033587208753238598,-0.00040589781790745846,0.0,0.0,0.0,0.0
34,26112,217.4596957789106,99,0.0,0.0,0.0,0.0,100.0,0.0,100.0,100.0,1.9441594413171213,0.0039382375747626,0.0024855023582119884,5.332720194054964e-05,0.002585819369385804,0.04215399422599533,0.0,0.0,0.0,0.0
35,26880,217.24648209764078,103,0.0,0.0,0.0,0.0,100.0,0.0,100.0,100.0,1.9445042313697438,0.003124447682372041,0.0012426412891291723,3.254557768861123e-05,0.0018639564616564858,0.013545814303510635,0.0,0.0,0.0,0.0
36,27648,213.45887397292117,107,0.0,0.0,0.0,0.0,100.0,0.0,100.0,100.0,1.9441006992322702,0.0023771812264499204,0.0017824448087158846,6.029062375841517e-05,0.002367198086651135,0.030720293641688514,0.0,0.0,0.0,0.0
37,28416,214.3051531692256,110,0.04059999883174896,0.12179999649524689,0.0,0.4059999883174896,96.6,10.200000000000001,66.0,100.0,1.9441733886487782,0.008857346962239868,-0.00817966596261499,0.0018029642575278688,0.021683396385735864,0.030406667781232837,0.04059999883174896,0.12179999649524689,0.0,0.4059999883174896
38,29184,204.29884653752916,114,0.0,0.0,0.0,0.0,100.0,0.0,100.0,100.0,1.9434371703925233,0.00450534842090633,0.0009231183346211461,4.959376731133077e-05,0.0024026137527278107,0.018993326218310007,0.0,0.0,0.0,0.0
39,29952,198.44941043211443,118,0.0,0.0,0.0,0.0,100.0,0.0,100.0,100.0,1.942006082739681,0.006349329061284455,0.0025824020893689217,7.147000567122679e-05,0.003319160840947463,0.008374242477269438,0.0,0.0,0.0,0.0
40,30720,196.4944616047356,122,0.2653333346048991,0.39149145192444024,0.0,0.9459999799728394,74.22222222222223,38.507655163263834,6.0,100.0,1.9314557419468958,0.03615124201398127,-0.025029831981214556,0.012531264425883648,0.050604696227307976,0.021825206532897875,0.2653333346048991,0.39149145192444024,0.0,0.9459999799728394
41,31488,197.10718018967347,126,0.03611110978656345,0.10213764242500366,0.0,0.32499998807907104,97.22222222222223,7.856742013183861,75.0,100.0,1.934623443832,0.00956889973614731,0.0001719867955027136,0.001913770583727492,0.03010087590999591,0.022359526220204068,0.03611110978656345,0.10213764242500366,0.0,0.32499998807907104
42,32256,191.15571038156838,130,0.130222221215566,0.24888630865558134,0.0,0.6940000057220459,88.0,23.15167380558045,34.0,100.0,1.9215314827548962,0.05726453591220585,-0.012271760594709727,0.005948221591247194,0.04597395052158914,0.023269759652399597,0.130222221215566,0.24888630865558134,0.0,0.6940000057220459
43,33024,188.33191360537643,134,0.0,0.0,0.0,0.0,100.0,0.0,100.0,100.0,1.92334571108222,0.01568810767427446,0.0076460164399729065,0.0003704347207499718,0.01671484540917582,0.016405314445104107,0.0,0.0,0.0,0.0
44,33792,172.81774508532635,138,0.0,0.0,0.0,0.0,100.0,0.0,100.0,100.0,1.9270843273649614,0.021042639708260442,0.0029633060553730197,0.0009101419545777326,0.013183729662400556,0.01597784408604815,0.0,0.0,0.0,0.0
45,34560,174.26772628021683,143,0.13880000114440919,0.29018263570349545,0.0,0.8830000162124634,86.8,28.02070662920548,13.0,100.0,1.929923636528353,0.017897374088344502,-0.009400422738281122,0.0024556819178371317,0.01824787863877565,0.011042165790540544,0.13880000114440919,0.29018263570349545,0.0,0.8830000162124634
46,35328,170.6234376017988,147,0.0,0.0,0.0,0.0,100.0,0.0,100.0,100.0,1.9415549129868548,0.00980394575117316,0.004235407942189795,6.720929154128512e-05,0.0051733018072475595,-0.01261983026117621,0.0,0.0,0.0,0.0
47,36096,162.77055157770016,152,0.0,0.0,0.0,0.0,100.0,0.0,100.0,100.0,1.9414534516011674,0.0049472226380279,0.005794561378441661,0.0008040107189666393,0.020321514457310095,0.007700395064186929,0.0,0.0,0.0,0.0
48,36864,167.60991011513542,156,0.0,0.0,0.0,0.0,100.0,0.0,100.0,100.0,1.9425404301534097,0.007693367417232366,0.002524146392924346,0.0004889845706353609,0.012513873329661395,0.012261272281296635,0.0,0.0,0.0,0.0
49,37632,163.44703643974455,161,0.0,0.0,0.0,0.0,100.0,0.0,100.0,100.0,1.9437688052033384,-0.004041269456593,0.0006431880905258444,6.0126023837152785e-05,0.005827660131103928,0.024338995622989582,0.0,0.0,0.0,0.0
50,38400,163.79205570065525,166,0.0,0.0,0.0,0.0,100.0,0.0,100.0,100.0,1.9434502604417503,0.003633435421230994,0.0006166554324333143,5.307982777371286e-05,0.004116605259631361,0.007540584881259973,0.0,0.0,0.0,0.0
51,39168,154.89930191997254,171,0.0,0.0,0.0,0.0,100.0,0.0,100.0,100.0,1.9436526245748003,-0.0019497225702404346,0.0006282808404212877,3.6315218346797545e-05,0.002835311780457594,0.005002210568494149,0.0,0.0,0.0,0.0
52,39936,153.43166174387622,176,0.0,0.0,0.0,0.0,100.0,0.0,100.0,100.0,1.943806032339732,0.0006832970986844581,-0.00042520236703561903,2.185962343700711e-05,0.0022232850480511284,-0.007374077350082317,0.0,0.0,0.0,0.0
53,40704,152.81046362940955,181,0.0,0.0,0.0,0.0,100.0,0.0,100.0,100.0,1.9443233360846837,-0.00045164958913801456,0.00038253011905453604,1.6453663869907726e-05,0.0018512670863472733,0.007613682130232557,0.0,0.0,0.0,0.0
54,41472,152.84209081885695,186,0.0,0.0,0.0,0.0,100.0,0.0,100.0,100.0,1.9443282972400386,0.00041097154502267585,0.00018407747995752288,3.540303626195276e-05,0.0020235292776694795,0.015326076825793572,0.0,0.0,0.0,0.0
55,42240,142.80868810118926,191,0.0,0.0,0.0,0.0,100.0,0.0,100.0,100.0,1.9440979602125783,-0.0002485225571338863,0.00019424474839032277,1.6458946807976216e-05,0.001105827338868289,0.02896675162926127,0.0,0.0,0.0,0.0
56,43008,145.53858641908735,196,0.0,0.0,0.0,0.0,100.0,0.0,100.0,100.0,1.9448688869985442,-0.00047171237434895374,9.015332104430247e-05,9.108514688623467e-06,0.0009006782980659593,0.02285544426235631,0.0,0.0,0.0,0.0
57,43776,139.456595127396,202,0.0,0.0,0.0,0.0,100.0,0.0,100.0,100.0,1.9445078175825377,-0.0009034980920053689,0.00012898719667001993,2.1273374708851513e-05,0.0009804777729206882,-0.0033641135777399897,0.0,0.0,0.0,0.0
58,44544,134.6657609868031,208,0.0,0.0,0.0,0.0,100.0,0.0,100.0,100.0,1.9432206678514679,0.0005703835842420327,0.0005074422320300679,3.637719793400084e-05,0.001510569160277667,0.01109573615830782,0.0,0.0,0.0,0.0
59,45312,133.28471279630705,213,0.0,0.0,0.0,0.0,100.0,0.0,100.0,100.0,1.9444438425513606,0.00014270247510239642,0.00023343975375667014,2.6295452393773736e-05,0.0009598689365421138,0.014538076319882262,0.0,0.0,0.0,0.0
60,46080,138.46392622422493,219,0.13622221681806776,0.2548484319000223,0.0,0.6129999756813049,87.33333333333333,23.697163449568293,43.0,100.0,1.943456024241944,0.012920427741050844,-0.025259107256749996,0.007266337083184918,0.039105008800282365,0.020683868042020114,0.13622221681806776,0.2548484319000223,0.0,0.6129999756813049
61,46848,137.22924084397616,225,0.0,0.0,0.0,0.0,100.0,0.0,100.0,100.0,1.937778768595308,0.046784956044575665,0.011969281719861632,0.0007360141444479976,0.02363271647074754,0.002399528201648883,0.0,0.0,0.0,0.0
62,47616,136.58335744186635,230,0.0,0.0,0.0,0.0,100.0,0.0,100.0,100.0,1.9411148337336879,0.005520094882285775,0.006422145367622534,0.00024822004624432587,0.015403869533645793,0.009859881336705139,0.0,0.0,0.0,0.0
63,48384,132.10475645541447,236,0.0,0.0,0.0,0.0,100.0,0.0,100.0,100.0,1.9429230242967606,0.010274770976290407,0.0011768911818611134,7.164489746456597e-05,0.009090983434113527,0.00341050338035458,0.0,0.0,0.0,0.0
64,49152,130.2146002269157,242,0.0,0.0,0.0,0.0,100.0,0.0,100.0,100.0,1.9433884480968118,0.0018164875704277013,0.0020309353267956944,4.1383305266112315e-05,0.005888164709071587,-0.007812267021451927,0.0,0.0,0.0,0.0
65,49920,129.71049371823958,248,0.14960000514984131,0.30784646529435616,0.0,0.9100000262260437,85.6,29.903845906505072,10.0,100.0,1.9350523320026696,0.020217154422766725,-0.019842888841859956,0.007059368858557587,0.033545085977777236,0.00878656044180288,0.14960000514984131,0.30784646529435616,0.0,0.9100000262260437
66,50688,130.83751889314252,254,0.0,0.0,0.0,0.0,100.0,0.0,100.0,100.0,1.938530538386355,0.010428406498022014,0.004330174586944698,0.00021502540991227836,0.01054225180791882,0.02457493645982047,0.0,0.0,0.0,0.0
67,51456,131.0622087314766,260,0.0,0.0,0.0,0.0,100.0,0.0,100.0,100.0,1.936946435365826,0.026541274695167278,0.0023968224729173926,0.00123575496708835,0.018115899871788774,0.02630715826350641,0.0,0.0,0.0,0.0
68,52224,127.94023381119234,266,0.0,0.0,0.0,0.0,100.0,0.0,100.0,100.0,1.9300622699471812,0.015859254121475413,0.010474928702185101,0.003163221101086855,0.04665308494011853,0.039658649512282915,0.0,0.0,0.0,0.0
69,52992,127.33615835635351,272,0.0,0.0,0.0,0.0,100.0,0.0,100.0,100.0,1.9398946758980553,0.02390835884398257,0.0047210860077674015,0.0002316180467452448,0.015201801496758994,0.0032286463686023704,0.0,0.0,0.0,0.0
70,53760,126.88038345208022,278,0.07111110952165392,0.20113259104184303,0.0,0.6399999856948853,93.33333333333333,18.856180831641264,40.0,100.0,1.918613633296142,0.01294162251307777,-0.007984402208383775,0.0040873452397766075,0.020603043497363634,0.005842182661269822,0.07111110952165392,0.20113259104184303,0.0,0.6399999856948853
71,54528,121.34398102148734,284,0.09014285462243217,0.22080399778284274,0.0,0.6309999823570251,91.57142857142857,20.64569926060107,41.0,100.0,1.910584030362467,0.03130378059965248,-0.006839826912710123,0.0023966152519140243,0.027203453937605034,-0.0023490257577181554,0.09014285462243217,0.22080399778284274,0.0,0.6309999823570251
72,55296,122.64659418903722,290,0.13519999980926514,0.27620890489776245,0.0,0.8019999861717224,87.2,26.354506256046612,22.0,100.0,1.8961584774466853,0.041308266195604425,-0.010238937268695736,0.006614699281446835,0.04257698125869069,0.00807541891240695,0.13519999980926514,0.27620890489776245,0.0,0.8019999861717224
73,56064,121.08543718180647,297,0.07887499779462814,0.2086836288253541,0.0,0.6309999823570251,92.625,19.512415919101354,41.0,100.0,1.9234018290104966,0.04124063566511419,0.0034800114019617467,0.004769392874433602,0.034874438485379335,0.027094658819785178,0.07887499779462814,0.2086836288253541,0.0,0.6309999823570251
74,56832,117.1741647487303,303,0.0661111142900255,0.1869904689051036,0.0,0.5950000286102295,93.88888888888889,17.284832429004496,45.0,100.0,1.9293180354870856,0.0634740552486619,0.005375485854301587,0.0033606880418598863,0.03768316633571605,0.009608712479301383,0.0661111142900255,0.1869904689051036,0.0,0.5950000286102295
75,57600,118.65685539055062,310,0.0,0.0,0.0,0.0,100.0,0.0,100.0,100.0,1.937072897485147,0.03242201315697457,0.012181297610235712,0.000686713418620144,0.016360941649676126,-0.0026529507610340863,0.0,0.0,0.0,0.0
76,58368,112.13849474999861,316,0.11585714135851179,0.2837908793858554,0.0,0.8109999895095825,88.71428571428571,27.64424138283873,21.0,100.0,1.9301177084756393,0.031400900614244165,0.0023091172953021064,0.0011876918699166618,0.012921370792466406,-0.0004821369468113867,0.11585714135851179,0.2837908793858554,0.0,0.8109999895095825
77,59136,120.10267153625732,323,0.07611111137602064,0.21527473191051508,0.0,0.6850000023841858,92.77777777777777,20.42752923427804,35.0,100.0,1.9216344978970785,0.03751298854573785,-0.004234764292050386,0.005220518228378768,0.023102552411618193,0.031075711423458444,0.07611111137602064,0.21527473191051508,0.0,0.6850000023841858
78,59904,118.58523877993791,329,0.0,0.0,0.0,0.0,100.0,0.0,100.0,100.0,1.9308282254884641,0.027041477607781417,0.010162835766275672,0.0005111909350740511,0.014297259459279494,0.008544856107712275,0.0,0.0,0.0,0.0
79,60672,3.5621901524111568,545,0.0,0.0,0.0,0.0,100.0,0.0,100.0,100.0,1.9329935655308266,0.010917639694374278,0.004131584073794177,5.9271523165686325e-05,0.004105049317563878,0.01787420776861103,0.0,0.0,0.0,0.0
80,61440,104.17741844564135,552,0.0,0.0,0.0,0.0,100.0,0.0,100.0,100.0,1.9384376779198647,0.011489283704425665,0.0029077998710533848,8.501375146454868e-05,0.00426345207828293,0.00914118595950174,0.0,0.0,0.0,0.0
81,62208,0.9005632191677951,1405,0.08019999861717224,0.24059999585151673,0.0,0.8019999861717224,92.2,23.400000000000002,22.0,100.0,1.940448380385836,0.013998276754288478,-0.010001281544267234,0.0060902710159195655,0.027967704959679634,0.000263792914367919,0.08019999861717224,0.24059999585151673,0.0,0.8019999861717224
82,62976,81.4038065910179,1415,0.0,0.0,0.0,0.0,100.0,0.0,100.0,100.0,1.93868704031532,0.011924878326605418,0.0024805942668611656,9.314479493372867e-05,0.0062766423394868785,0.029509968767837652,0.0,0.0,0.0,0.0
83,63744,33.46772305613751,1437,0.0,0.0,0.0,0.0,100.0,0.0,100.0,100.0,1.934924088884145,0.004263980168085861,-0.00034630965791393464,0.0001230372037367792,0.005265385968411651,0.004588532890115002,0.0,0.0,0.0,0.0
84,64512,33.5859359577819,1460,0.0528571435383388,0.12947303092997903,0.0,0.3700000047683716,95.71428571428571,10.497813183356477,70.0,100.0,1.9414587177646656,0.018140524969491405,-0.0052316522208002425,0.0015278104690753154,0.02086611226027961,0.013747283101072974,0.0528571435383388,0.12947303092997903,0.0,0.3700000047683716
85,65280,0.9054725215275394,2309,0.11522222558657329,0.24118678555035536,0.0,0.7480000257492065,89.66666666666667,22.764494771951828,28.0,100.0,1.927831405152877,0.034299625989660854,-0.01297812164333815,0.003885846047909989,0.03671088165556457,0.013602230211768809,0.11522222558657329,0.24118678555035536,0.0,0.7480000257492065
86,66048,0.8530340907050437,3209,0.045125000178813934,0.11938952838488685,0.0,0.3610000014305115,96.375,9.590848502609141,71.0,100.0,1.9300122464386125,0.030157131425463984,0.0005441962305212655,0.001352134950689761,0.0143921327252797,0.00885280981271813,0.045125000178813934,0.11938952838488685,0.0,0.3610000014305115
87,66816,106.91648007655759,3216,0.1972222261958652,0.36926768465889453,0.0,0.9190000295639038,80.55555555555556,36.414621944461054,9.0,100.0,1.9347328511066735,0.03002591143012978,-0.0027586290652076664,0.005020919759076148,0.02814806674418181,0.009296815977610472,0.1972222261958652,0.36926768465889453,0.0,0.9190000295639038
88,67584,0.8528322707065581,4117,0.15736363557252017,0.2894255346538811,0.0,0.7749999761581421,85.54545454545455,27.857963236792447,25.0,100.0,1.9124010629020631,0.06693777894543018,-0.014715465615788995,0.008214466879955015,0.03708468669368,0.022879533398851088,0.15736363557252017,0.2894255346538811,0.0,0.7749999761581421
89,68352,0.8528239774933367,5017,0.20500000566244125,0.3568907491841487,0.0,0.8920000195503235,80.0,34.87119154832539,12.0,100.0,1.9276641175771754,0.05427447094310386,0.0014134712685631712,0.00461021061140876,0.02464590227023118,0.02025391415035541,0.20500000566244125,0.3568907491841487,0.0,0.8920000195503235
90,69120,105.34590846293908,5024,0.10487499833106995,0.18398874445932423,0.0,0.4779999852180481,91.125,15.711759131300353,58.0,100.0,1.9200392660374443,0.05293045867680727,-0.0055560266754355325,0.007864153180779468,0.03028377372930688,0.01369297359415924,0.10487499833106995,0.18398874445932423,0.0,0.4779999852180481
91,69888,0.8528063852613348,5925,0.2214999943971634,0.38569060478064215,0.0,0.9549999833106995,78.16666666666667,38.071934836861416,5.0,100.0,1.9228773930420477,0.0638012707301338,0.00601874684844006,0.004643021563398131,0.02837923253909337,0.016792264012117062,0.2214999943971634,0.38569060478064215,0.0,0.9549999833106995
92,70656,0.853898284795326,6824,0.0,0.0,0.0,0.0,100.0,0.0,100.0,100.0,1.9333976071017485,0.023127423120513413,0.011680312298096851,0.0004256934016173182,0.01453406477824252,0.00458566328993936,0.0,0.0,0.0,0.0
93,71424,102.54321760385594,6832,0.0,0.0,0.0,0.0,100.0,0.0,100.0,100.0,1.9353556057127814,0.016662765106048028,0.004597104221242414,0.00022814562566781985,0.00862351222571485,-0.003235755301261068,0.0,0.0,0.0,0.0
94,72192,0.8535347808437248,7732,0.0,0.0,0.0,0.0,100.0,0.0,100.0,100.0,1.937969021499157,0.007377000446164554,0.0017727631208496557,0.00018832162395313046,0.00515784250922927,-0.00771615882127641,0.0,0.0,0.0,0.0
95,72960,0.852707471399282,8632,0.0,0.0,0.0,0.0,100.0,0.0,100.0,100.0,1.9351816487809022,0.011677347595347479,0.0018229846104607834,0.0004031032306692402,0.009596603464679004,0.0030767083881704407,0.0,0.0,0.0,0.0
96,73728,102.00491888326587,8640,0.06571428690637861,0.1609664717314853,0.0,0.46000000834465027,94.28571428571429,13.997084244475301,60.0,100.0,1.9205201817676425,0.014222162521643137,0.0005068513289453828,0.002846329929771287,0.02352912030646513,7.722120483458217e-06,0.06571428690637861,0.1609664717314853,0.0,0.46000000834465027
97,74496,0.1590438331761935,13469,0.13222222526868185,0.28851258333889657,0.0,0.9100000262260437,87.77777777777777,28.196838978776714,10.0,100.0,1.909681577856342,0.03924708061185811,-0.009256178929717862,0.004212962447205371,0.046987587405052385,0.02566041694697716,0.13222222526868185,0.28851258333889657,0.0,0.9100000262260437
98,75264,0.8142430049771249,14412,0.0,0.0,0.0,0.0,100.0,0.0,100.0,100.0,1.9013174553401768,0.0536820471631169,-0.0007995055924538974,0.003628012831112174,0.024962767853528755,0.01486516557194046,0.0,0.0,0.0,0.0
99,76032,98.67029177774083,14420,0.16222222646077475,0.30348999596793647,0.0,0.7300000190734863,84.44444444444444,29.101779674908432,30.0,100.0,1.92319544001172,0.045093360936637815,-0.007199570415158026,0.00910043224160025,0.04772196151913296,0.03951365818701023,0.16222222646077475,0.30348999596793647,0.0,0.7300000190734863
100,76800,0.032217000111433296,38258,0.06875000149011612,0.18189540657816727,0.0,0.550000011920929,93.75,16.535945694153693,50.0,100.0,1.9224055351999898,0.052988589983821534,0.006628890278951379,0.002361407027736906,0.021452034929424282,0.009552259220292484,0.06875000149011612,0.18189540657816727,0.0,0.550000011920929
101,77568,101.08104183442377,38266,0.037111110157436795,0.10496607059873808,0.0,0.33399999141693115,97.11111111111111,8.171011693711215,74.0,100.0,1.915096719438831,0.0421446374214914,0.009582347685276696,0.0015087061736361318,0.017050361260050953,0.01716517856748821,0.037111110157436795,0.10496607059873808,0.0,0.33399999141693115
102,78336,0.13823326232217803,43821,0.21222222513622707,0.39739395400909916,0.0,0.9909999966621399,78.88888888888889,39.540259214697016,1.0,100.0,1.9225437939167023,0.03036365929741199,-0.0005215230557003755,0.002664935786085213,0.021158220760674692,0.010041605040771789,0.21222222513622707,0.39739395400909916,0.0,0.9909999966621399
103,79104,0.03582207996346899,65261,0.21233333812819588,0.36562671515883344,0.0,0.9190000295639038,80.11111111111111,36.446138172024774,9.0,100.0,1.9206688414948683,0.039988078555325046,-0.00406209339431977,0.00811756439215483,0.03252034902009041,0.020682621336263533,0.21233333812819588,0.36562671515883344,0.0,0.9190000295639038
104,79872,95.93031890205741,65269,0.09100000262260437,0.2730000078678131,0.0,0.9100000262260437,91.0,27.0,10.0,100.0,1.9326840286764007,0.0340052473693504,0.0006351451063437707,0.004907599038025713,0.021508730171235498,0.00652410605201702,0.09100000262260437,0.2730000078678131,0.0,0.9100000262260437
105,80640,99.68755421930148,65277,0.08900000154972076,0.23547187078492432,0.0,0.7120000123977661,91.5,22.48888614404902,32.0,100.0,1.8592041432857513,0.06148854876300902,0.01380423773904719,0.001975467724355066,0.031197634745213084,0.007680411608618866,0.08900000154972076,0.23547187078492432,0.0,0.7120000123977661
